uen,name,primary_sector,sub_setor,financial_period,financial_status,receipts_others_income,receipts_total,revenue,charity_size,charity_size_small,charity_size_small_cf,charity_size_medium,charity_size_medium_cf,charity_size_large,charity_size_large_cf,,,,,
200604346E,NATIONAL UNIVERSITY OF SINGAPORE,Education,Local Educational Institutions/Funds,Apr 2016 - Mar 2017,Received,"697,860,000","3,250,184,000","2,552,324,000",L,0,0,0,0,1,1,,,,,
200604393R,NANYANG TECHNOLOGICAL UNIVERSITY,Education,Local Educational Institutions/Funds,Apr 2016 - Mar 2017,Received,"878,726,000","1,933,163,000","1,054,437,000",L,0,0,0,0,1,0.887209,,,,,
200000267Z,SINGAPORE MANAGEMENT UNIVERSITY,Education,Local Educational Institutions/Funds,Apr 2016 - Mar 2017,Received,"11,892,000","489,272,000","477,380,000",L,0,0,0,0,1,0.786098,,,,,
200913519C,SINGAPORE UNIVERSITY OF TECHNOLOGY AND DESIGN,Education,Local Educational Institutions/Funds,Apr 2016 - Mar 2017,Received,"9,759,000","326,247,284","316,488,284",L,0,0,0,0,1,0.733655,,,,,
200917667D,SINGAPORE INSTITUTE OF TECHNOLOGY,Education,Local Educational Institutions/Funds,Apr 2016 - Mar 2017,Received,"936,093","239,903,502","238,967,409",L,0,0,0,0,1,0.697806,,,,,
200504979Z,SINGAPORE UNIVERSITY OF SOCIAL SCIENCES,Education,Local Educational Institutions/Funds,Jan 2016 - Dec 2016,Received,"3,868,000","139,734,000","135,866,000",L,0,0,0,0,1,0.625761,,,,,
200104750M,THE NATIONAL KIDNEY FOUNDATION,Health,Renal Dialysis,Jul 2016 - Jun 2017,Received,"1,056,000","120,440,000","119,384,000",L,0,0,0,0,1,0.60926,,,,,
200900977G,NATIONAL GALLERY SINGAPORE,Arts and Heritage,Visual Arts,Apr 2016 - Mar 2017,Received,"6,841,318","94,469,021","87,627,703",L,0,0,0,0,1,0.569802,,,,,
199205206G,THE ESPLANADE CO LTD,Arts and Heritage,Music & Orchestras,Apr 2016 - Mar 2017,Received,"23,330,171","96,189,300","72,859,129",L,0,0,0,0,1,0.546253,,,,,
201018593M,REN CI HOSPITAL,Health,Community/Chronic Sick Hospital,Apr 2016 - Mar 2017,Received,"3,129,000","65,069,000","61,940,000",L,0,0,0,0,1,0.525536,,,,,
201132829N,GARDENS BY THE BAY,Others,Environment,Apr 2016 - Mar 2017,Received,"72,960,721","131,916,515","58,955,794",L,0,0,0,0,1,0.519236,,,,,
200201385C,ANG MO KIO - THYE HUA KWAN HOSPITAL LTD.,Health,Community/Chronic Sick Hospital,Apr 2016 - Mar 2017,Received,0,"57,964,373","57,964,373",L,0,0,0,0,1,0.517072,,,,,
201130733N,THYE HUA KWAN MORAL CHARITIES LIMITED,Social and Welfare,Disability (Children),Apr 2016 - Mar 2017,Received,"3,846,626","60,052,599","56,205,973",L,0,0,0,0,1,0.513142,,,,,
200500775C,SINGAPORE ARTS SCHOOL LTD.,Arts and Heritage,Training & Education,Apr 2016 - Mar 2017,Received,"12,047,192","66,250,755","54,203,563",L,0,0,0,0,1,0.508513,,,,,
199202950W,LASALLE COLLEGE OF THE ARTS LIMITED,Arts and Heritage,Training & Education,Jul 2016 - Jun 2017,Received,"3,226,000","53,780,000","50,554,000",L,0,0,0,0,1,0.499619,,,,,
S62SS0075C,Movement for the Intellectually Disabled of Singapore (MINDS),Social and Welfare,Disability (Children),Apr 2016 - Mar 2017,Received,"2,681,919","52,058,214","49,376,295",L,0,0,0,0,1,0.496612,,,,,
S92SS0061A,"RAINBOW CENTRE, SINGAPORE",Social and Welfare,Disability (Children),Apr 2016 - Mar 2017,Received,"7,049,124","55,674,757","48,625,633",L,0,0,0,0,1,0.494657,,,,,
S99SS0148L,Autism Resource Centre (Singapore),Social and Welfare,Disability (Children),Apr 2016 - Mar 2017,Received,"2,860,992","45,321,545","42,460,553",L,0,0,0,0,1,0.477359,,,,,
199205095C,ST LUKE'S HOSPITAL,Health,Community/Chronic Sick Hospital,Apr 2016 - Mar 2017,Received,"1,194,997","43,313,272","42,118,275",L,0,0,0,0,1,0.476326,,,,,
201500785Z,AWWA LTD.,Social and Welfare,Children/Youth,Apr 2016 - Mar 2017,Received,"118,841","41,865,373","41,746,532",L,0,0,0,0,1,0.475195,,,,,
198902633C,YAYASAN MENDAKI,Others,Self-Help Groups,Jan 2016 - Dec 2016,Received,"309,703","38,319,132","38,009,429",L,0,0,0,0,1,0.463229,,,,,
S75SS0058K,Association for Persons with Special Needs,Social and Welfare,Disability (Children),Apr 2016 - Mar 2017,Received,"234,006","36,375,422","36,141,416",L,0,0,0,0,1,0.456799,,,,,
200105451R,BRIGHT VISION HOSPITAL,Health,Community/Chronic Sick Hospital,Apr 2016 - Mar 2017,Received,"3,083,344","38,692,944","35,609,600",L,0,0,0,0,1,0.454908,,,,,
199202625K,CHINESE DEVELOPMENT ASSISTANCE COUNCIL,Others,Self-Help Groups,Jan 2016 - Dec 2016,Received,"44,000","34,704,000","34,660,000",L,0,0,0,0,1,0.451459,,,,,
201006523M,NANYANG ACADEMY OF FINE ARTS,Arts and Heritage,Training & Education,Apr 2016 - Mar 2017,Received,"38,425,911","70,850,465","32,424,554",L,0,0,0,0,1,0.442952,,,,,
198904643G,NANYANG FINE ARTS FOUNDATION LIMITED,Arts and Heritage,Training & Education,Apr 2016 - Mar 2017,Received,"38,615,259","71,039,813","32,424,554",L,0,0,0,0,1,0.442952,,,,,
S87SS0068F,All Saints Home,Health,Day Rehabilitation Centre,Jan 2016 - Dec 2016,Received,"4,332,047","34,490,821","30,158,774",L,0,0,0,0,1,0.43371,,,,,
S64SS0052D,SPD,Social and Welfare,Disability (Children),Apr 2016 - Mar 2017,Received,"636,686","29,558,149","28,921,463",L,0,0,0,0,1,0.428365,,,,,
200500354G,NUS HIGH SCHOOL OF MATHEMATICS AND SCIENCE,Education,Local Educational Institutions/Funds,Apr 2016 - Mar 2017,Received,"2,448,389","30,802,167","28,353,778",L,0,0,0,0,1,0.425835,,,,,
197801125M,SINGAPORE SYMPHONIA COMPANY LIMITED,Arts and Heritage,Music & Orchestras,Apr 2016 - Mar 2017,Received,"3,801,575","28,574,889","24,773,314",L,0,0,0,0,1,0.408611,,,,,
199202859C,SUNLOVE ABODE FOR INTELLECTUALLY-INFIRMED LTD,Health,Others,Apr 2016 - Mar 2017,Late,"1,667,766","26,365,384","24,697,618",L,0,0,0,0,1,0.408221,,,,,
S75SS0022H,Presbyterian Community Services,Social and Welfare,Disability (Children),Apr 2016 - Mar 2017,Late,"826,138","24,369,789","23,543,651",L,0,0,0,0,1,0.402115,,,,,
S82SS0043B,Football Association of Singapore,Sports,NSAs,Apr 2016 - Mar 2017,Late,"8,280,279","31,001,193","22,720,914",L,0,0,0,0,1,0.397577,,,,,
198105641M,CARE CORNER SINGAPORE LTD,Social and Welfare,Children/Youth,Apr 2016 - Mar 2017,Received,"575,373","23,262,818","22,687,445",L,0,0,0,0,1,0.397389,,,,,
T09CC0004J,ASSUMPTION PATHWAY SCHOOL,Education,Local Educational Institutions/Funds,Jan 2016 - Dec 2016,Received,"319,484","22,835,651","22,516,167",L,0,0,0,0,1,0.396422,,,,,
S91SS0096B,DYSLEXIA ASSOCIATION OF SINGAPORE,Education,Local Educational Institutions/Funds,Apr 2016 - Mar 2017,Received,"666,200","21,925,631","21,259,431",L,0,0,0,0,1,0.389094,,,,,
199904873Z,ST LUKE'S ELDERCARE LTD.,Health,Others,Apr 2016 - Mar 2017,Received,"83,083","20,603,085","20,520,002",L,0,0,0,0,1,0.384577,,,,,
200615271H,NORTHLIGHT SCHOOL,Education,Local Educational Institutions/Funds,Apr 2016 - Mar 2017,Received,"841,608","21,263,834","20,422,226",L,0,0,0,0,1,0.383968,,,,,
S65SS0033F,Singapore Cancer Society,Health,Palliative Home Care,Jan 2016 - Dec 2016,Late,"1,488,000","21,649,000","20,161,000",L,0,0,0,0,1,0.382325,,,,,
200210647W,ARTS HOUSE LTD.,Arts and Heritage,Others,Apr 2016 - Mar 2017,Received,"322,420","20,469,191","20,146,771",L,0,0,0,0,1,0.382235,,,,,
S92SS0124D,AUTISM ASSOCIATION (SINGAPORE),Social and Welfare,Disability (Children),Apr 2016 - Mar 2017,Received,"236,698","20,168,075","19,931,377",L,0,0,0,0,1,0.380863,,,,,
201136224W,CREST SECONDARY SCHOOL,Education,Local Educational Institutions/Funds,Apr 2016 - Mar 2017,Received,"218,226","19,894,652","19,676,426",L,0,0,0,0,1,0.379221,,,,,
201208993Z,ASSISI HOSPICE,Health,Hospice,Jan 2016 - Dec 2016,Received,"37,512,995","56,043,325","18,530,330",L,0,0,0,0,1,0.371564,,,,,
S93SS0141J,"BONE MARROW DONOR PROGRAMME, THE",Health,Diseases/Illnessess Support Group,Jan 2016 - Dec 2016,Received,"273,074","17,806,050","17,532,976",L,0,0,0,0,1,0.364505,,,,,
S96SS0134G,Fei Yue Community Services,Social and Welfare,Disability (Children),Apr 2016 - Mar 2017,Received,"970,964","18,376,962","17,405,998",L,0,0,0,0,1,0.363577,,,,,
200903483M,"SCHOOL OF SCIENCE AND TECHNOLOGY, SINGAPORE",Education,Local Educational Institutions/Funds,Apr 2016 - Mar 2017,Received,"168,550","17,215,226","17,046,676",L,0,0,0,0,1,0.360916,,,,,
S89SS0113B,Ju Eng Home for Senior Citizens,Health,Nursing Home,Apr 2016 - Mar 2017,Received,"158,908","16,273,935","16,115,027",L,0,0,0,0,1,0.353745,,,,,
S61SS0167J,"Catholic Welfare Services, Singapore",Social and Welfare,Disability (Adult),Apr 2016 - Mar 2017,Received,"10,418,992","25,914,392","15,495,400",L,0,0,0,0,1,0.348742,,,,,
S88SS0104K,Sunshine Welfare Action Mission (SWAMI),Health,Day Rehabilitation Centre,Apr 2016 - Mar 2017,Received,"73,219","15,166,932","15,093,713",L,0,0,0,0,1,0.345391,,,,,
201229817Z,AMKFSC COMMUNITY SERVICES LTD.,Social and Welfare,Children/Youth,Apr 2016 - Mar 2017,Received,"1,400,117","16,459,013","15,058,896",L,0,0,0,0,1,0.345096,,,,,
201300697M,SPECTRA SECONDARY SCHOOL,Education,Local Educational Institutions/Funds,Apr 2016 - Mar 2017,Received,"316,335","14,989,957","14,673,622",L,0,0,0,0,1,0.341789,,,,,
201330746G,SINGAPORE ART MUSEUM,Arts and Heritage,Visual Arts,Apr 2016 - Mar 2017,Received,"1,877,914","16,412,943","14,535,029",L,0,0,0,0,1,0.340578,,,,,
S94SS0081K,Metta Welfare Association,Social and Welfare,Disability (Children),Apr 2016 - Mar 2017,Received,"983,703","15,314,225","14,330,522",L,0,0,0,0,1,0.33877,,,,,
S92SS0138D,Dover Park Hospice,Health,Palliative Home Care,Apr 2016 - Mar 2017,Received,"604,344","14,671,042","14,066,698",L,0,0,0,0,1,0.336399,,,,,
S89SS0106G,HCA Hospice Care,Health,Palliative Home Care,Apr 2016 - Mar 2017,Received,"95,141","14,129,212","14,034,071",L,0,0,0,0,1,0.336103,,,,,
S80SS0029B,LIONS HOME FOR THE ELDERS,Health,Day Rehabilitation Centre,Apr 2016 - Mar 2017,Received,"2,561","13,945,631","13,943,070",L,0,0,0,0,1,0.335273,,,,,
199105100D,ASSOCIATION OF MUSLIM PROFESSIONALS,Others,Self-Help Groups,Jul 2016 - Jun 2017,Received,"1,237,761","14,610,491","13,372,730",L,0,0,0,0,1,0.329944,,,,,
S62SS0055D,Sian Chay Medical Institution,Health,TCM Clinic,Jan 2016 - Dec 2016,Received,"214,000","12,972,000","12,758,000",L,0,0,0,0,1,0.32394,,,,,
T08SS0070F,Ling Kwang Home For Senior Citizens,Health,Nursing Home,Apr 2016 - Mar 2017,Received,"568,733","12,678,399","12,109,666",L,0,0,0,0,1,0.317285,,,,,
S76SS0044D,HOME NURSING FOUNDATION,Health,Home Care,Apr 2016 - Mar 2017,Received,"160,151","12,071,274","11,911,123",L,0,0,0,0,1,0.315176,,,,,
S94SS0031G,FEI YUE FAMILY SERVICE CENTRE,Social and Welfare,Eldercare,Apr 2016 - Mar 2017,Received,"513,796","12,368,489","11,854,693",L,0,0,0,0,1,0.31457,,,,,
196000175E,SINGAPORE THONG CHAI MEDICAL INSTITUTION,Health,TCM Clinic,Jan 2016 - Dec 2016,Late,"6,415,394","18,216,260","11,800,866",L,0,0,0,0,1,0.313989,,,,,
S68SS0022J,Society for The Aged Sick,Health,Nursing Home,Apr 2016 - Mar 2017,Received,"2,150,802","13,809,373","11,658,571",L,0,0,0,0,1,0.312442,,,,,
201133557D,CHANGI HEALTH FUND (LTD.),Health,Cluster/Hospital Funds,Apr 2016 - Mar 2017,Received,"3,149","10,826,867","10,823,718",L,0,0,0,0,1,0.302961,,,,,
199600830Z,KIDNEY DIALYSIS FOUNDATION LIMITED,Health,Renal Dialysis,Apr 2016 - Mar 2017,Received,"106,501","10,923,420","10,816,919",L,0,0,0,0,1,0.302881,,,,,
S70SS0007H,Singapore Heart Foundation,Health,Diseases/Illnessess Support Group,Apr 2016 - Mar 2017,Late,"479,898","10,913,333","10,433,435",L,0,0,0,0,1,0.298276,,,,,
S90SS0098L,Singapore Indian Development Association (SINDA),Others,Self-Help Groups,Jan 2016 - Dec 2016,Received,"15,114,820","25,448,426","10,333,606",L,0,0,0,0,1,0.297049,,,,,
S82SS0008F,BRIGHT HILL EVERGREEN HOME,Health,Nursing Home,Apr 2016 - Mar 2017,Received,"83,576","10,364,196","10,280,620",L,0,0,0,0,1,0.296393,,,,,
S80SS0179G,Man Fut Tong Nursing Home,Health,Nursing Home,Apr 2016 - Mar 2017,Received,"25,806","10,022,021","9,996,215",L,0,0,0,0,1,0.292813,,,,,0
T03SS0046H,365 CANCER PREVENTION SOCIETY,Social and Welfare,Community,Jan 2016 - Dec 2016,Received,"10,111","9,940,494","9,930,383",L,0,0,0,0,1,0.29197,,,,,
199302114W,TSAO FOUNDATION,Health,Others,Jan 2016 - Dec 2016,Received,"283,691","9,924,433","9,640,742",L,0,0,0,0,1,0.288194,,,,,
S95SS0086F,Apex Harmony Lodge,Health,Nursing Home,Jan 2016 - Dec 2016,Received,"215,236","9,717,433","9,502,197",L,0,0,0,0,1,0.286347,,,,,
201309577Z,SINGAPORE CHINESE CULTURAL CENTRE,Arts and Heritage,Theatre & Dramatic Arts,Apr 2016 - Mar 2017,Received,"659,943","10,035,916","9,375,973",L,0,0,0,0,1,0.28464,,,,,
S92SS0103J,Children's Cancer Foundation,Health,Diseases/Illnessess Support Group,Jan 2016 - Dec 2016,Received,"588,530","9,861,347","9,272,817",L,0,0,0,0,1,0.283229,,,,,
201203593Z,NUHS FUND LIMITED,Health,Cluster/Hospital Funds,Apr 2016 - Mar 2017,Received,0,"9,217,035","9,217,035",L,0,0,0,0,1,0.282459,,,,,
S60SS0003K,Cerebral Palsy Alliance Singapore,Social and Welfare,Disability (Children),Apr 2016 - Mar 2017,Received,"3,308,739","12,492,894","9,184,155",L,0,0,0,0,1,0.282003,,,,,
S93SS0148C,Buddhist Compassion Relief Tzu-Chi Foundation (Singapore),Social and Welfare,Children/Youth,Jan 2016 - Dec 2016,Received,"791,830","9,420,558","8,628,728",L,0,0,0,0,1,0.274043,,,,,
S77SS0040C,SINGAPORE CHRISTIAN HOME,Health,Nursing Home,Apr 2016 - Mar 2017,Received,"11,851","8,624,790","8,612,939",L,0,0,0,0,1,0.27381,,,,,
S97SS0022B,LAKESIDE FAMILY SERVICES,Social and Welfare,Support Groups,Aug 2016 - Jul 2017,Received,"327,956","8,782,344","8,454,388",L,0,0,0,0,1,0.271439,,,,,
S68SS0038A,"Singapore Association for Mental Health, The",Health,Day Rehabilitation Centre,Apr 2016 - Mar 2017,Received,"116,873","7,869,277","7,752,404",L,0,0,0,0,1,0.260379,,,,,
T06CC2001K,Caritas Singapore Agape Fund,Social and Welfare,Community,Oct 2016 - Sep 2017,Received,"510,828","8,096,512","7,585,684",L,0,0,0,0,1,0.257605,,,,,
200909154Z,TEMASEK FOUNDATION CARES CLG LIMITED,Social and Welfare,Disability (Children),Apr 2016 - Mar 2017,Received,"1,270","7,556,299","7,555,029",L,0,0,0,0,1,0.257088,,,,,
S91SS0018J,Alzheimer's Disease Association,Health,Other Community-based Services,Apr 2016 - Mar 2017,Received,"626,329","7,898,051","7,271,722",L,0,0,0,0,1,0.252212,,,,,
S69SS0009J,Singapore Buddhist Free Clinic,Health,TCM Clinic,Apr 2016 - Mar 2017,Received,"371,835","7,304,909","6,933,074",L,0,0,0,0,1,0.246127,,,,,
S61SS0088B,Singapore Swimming Association,Sports,NSAs,Apr 2016 - Mar 2017,Received,"180,291","6,907,272","6,726,981",L,0,0,0,0,1,0.242277,,,,,
201109599Z,SINGAPORE CHUNG HWA MEDICAL INSTITUTION,Health,TCM Clinic,Jan 2016 - Dec 2016,Received,"5,521,495","11,872,727","6,351,232",L,0,0,0,0,1,0.234943,,,,,
S95SS0069F,Public Free Clinic Society,Health,TCM Clinic,Jan 2016 - Dec 2016,Received,"291,854","6,298,301","6,006,447",L,0,0,0,0,1,0.227821,,,,,
S66SS0013A,Singapore Sailing Federation,Sports,NSAs,Apr 2016 - Mar 2017,Received,"906,982","6,883,460","5,976,478",L,0,0,0,0,1,0.227183,,,,,
201408699H,THE RICE COMPANY LIMITED,Arts and Heritage,Music & Orchestras,Apr 2016 - Mar 2017,Received,"1,157,375","7,124,527","5,967,152",L,0,0,0,0,1,0.226984,,,,,
S88SS0120C,Grace Lodge,Health,Nursing Home,Apr 2016 - Mar 2017,Received,"1,631,390","7,214,230","5,582,840",L,0,0,0,0,1,0.21849,,,,,
200601578E,VIVA FOUNDATION FOR CHILDREN WITH CANCER,Health,Trust/Research Funds,Jan 2016 - Dec 2016,Received,"19,864","5,556,093","5,536,229",L,0,0,0,0,1,0.21742,,,,,
200712761D,"*SCAPE CO., LTD.",Others,Children/Youth,Apr 2016 - Mar 2017,Received,"7,310,881","12,771,491","5,460,610",L,0,0,0,0,1,0.215665,,,,,
201323219Z,THYE HUA KWAN NURSING HOME LIMITED,Health,Day Rehabilitation Centre,Apr 2016 - Mar 2017,Received,"126,729","5,217,290","5,090,561",L,0,0,0,0,1,0.206712,,,,,
S96SS0195L,Care Community Services Society,Social and Welfare,Community,Jan 2016 - Dec 2016,Received,"121,734","5,138,868","5,017,134",L,0,0,0,0,1,0.204858,,,,,
T00SS0072B,Thong Teck Home For Senior Citizens,Health,Nursing Home,Jan 2016 - Dec 2016,Received,0,"5,015,735","5,015,735",L,0,0,0,0,1,0.204822,,,,,
T07CC2064L,"THE LAW SOCIETY OF SINGAPORE PRO BONO, LEARNING AND SUPPORT SERVICES",Others,Humanitarian Aid,Apr 2016 - Mar 2017,Received,0,"4,993,489","4,993,489",L,0,0,0,0,1,0.204255,,,,,
201118604G,JURONGHEALTH FUND,Health,Cluster/Hospital Funds,Apr 2016 - Mar 2017,Received,0,"4,908,718","4,908,718",L,0,0,0,0,1,0.202071,,,,,
S68SS0016K,Chen Su Lan Methodist Children's Home,Social and Welfare,Children/Youth,Jan 2016 - Dec 2016,Received,"11,155","4,910,623","4,899,468",L,0,0,0,0,1,0.20183,,,,,
S61SS0032A,Singapore Badminton Association,Sports,NSAs,Apr 2016 - Mar 2017,Received,"581,937","5,462,286","4,880,349",L,0,0,0,0,1,0.201331,,,,,
T02CC1574K,SNEC HEALTH RESEARCH ENDOWMENT FUND,Health,Cluster/Hospital Funds,Apr 2016 - Mar 2017,Received,"91,592","4,953,797","4,862,205",L,0,0,0,0,1,0.200856,,,,,
199301614N,SINGAPORE REPERTORY THEATRE LTD,Arts and Heritage,Theatre & Dramatic Arts,Apr 2016 - Mar 2017,Received,"387,171","5,216,679","4,829,508",L,0,0,0,0,1,0.199995,,,,,
201427909W,ALEXANDRA HEALTH FUND LIMITED,Health,Trust/Research Funds,Apr 2016 - Mar 2017,Received,0,"4,805,740","4,805,740",L,0,0,0,0,1,0.199365,,,,,
T03CC1740J,Republic Polytechnic Education Fund,Education,Local Educational Institutions/Funds,Apr 2016 - Mar 2017,Received,0,"4,716,000","4,716,000",L,0,0,0,0,1,0.19696,,,,,
S69SS0057J,Handicaps Welfare Association,Social and Welfare,Disability (Adult),Apr 2016 - Mar 2017,Received,"3,252,477","7,935,639","4,683,162",L,0,0,0,0,1,0.196069,,,,,
T01SS0095E,Thong Kheng Welfare Services Society,Social and Welfare,Disability (Adult),Apr 2016 - Mar 2017,Received,"151,012","4,786,054","4,635,042",L,0,0,0,0,1,0.194751,,,,,
198702432N,SINGAPORE DANCE THEATRE LIMITED,Arts and Heritage,"Professional, Contemporary & Ethnic Dance",Apr 2016 - Mar 2017,Received,"1,727,301","6,192,623","4,465,322",L,0,0,0,0,1,0.189991,,,,,
T02CC1634C,GARDEN CITY FUND,Others,Environment,Apr 2016 - Mar 2017,Late,"99,791","4,547,177","4,447,386",L,0,0,0,0,1,0.189478,,,,,
200008878C,SINGAPORE TYLER PRINT INSTITUTE,Arts and Heritage,Visual Arts,Apr 2016 - Mar 2017,Received,"4,184,475","8,608,857","4,424,382",L,0,0,0,0,1,0.188816,,,,,
S65SS0005E,Singapore Table Tennis Association,Sports,NSAs,Apr 2016 - Mar 2017,Received,"1,525,666","5,851,568","4,325,902",L,0,0,0,0,1,0.185944,,,,,
200102355R,SINGAPORE MILLENNIUM FOUNDATION LIMITED,Others,Think Tanks,Apr 2016 - Mar 2017,Received,0,"4,139,693","4,139,693",L,0,0,0,0,1,0.18033,,,,,
200108115N,FOCUS ON THE FAMILY SINGAPORE LIMITED,Social and Welfare,Family,Oct 2015 - Sep 2016,Received,0,"4,108,486","4,108,486",L,0,0,0,0,1,0.179365,,,,,
T07SS0102D,Bishan Home for the Intellectually Disabled,Social and Welfare,Disability (Adult),Apr 2016 - Mar 2017,Late,"65,781","4,154,755","4,088,974",L,0,0,0,0,1,0.178757,,,,,
201400920N,TTSH COMMUNITY FUND,Health,Cluster/Hospital Funds,Apr 2016 - Mar 2017,Received,0,"4,052,125","4,052,125",L,0,0,0,0,1,0.177602,,,,,
T05CC1897G,NCC RESEARCH FUND,Health,Cluster/Hospital Funds,Apr 2016 - Mar 2017,Received,0,"3,960,723","3,960,723",L,0,0,0,0,1,0.174691,,,,,
T03CC1717K,NATIONAL HERITAGE FUND,Arts and Heritage,Historical & Cultural Conservation,Apr 2016 - Mar 2017,Received,0,"3,896,100","3,896,100",L,0,0,0,0,1,0.172592,,,,,
S66SS0011J,Singapore Bowling Federation,Sports,NSAs,Apr 2016 - Mar 2017,Received,"217,292","4,074,640","3,857,348",L,0,0,0,0,1,0.171317,,,,,
S87SS0025J,Beyond Social Services,Social and Welfare,Children/Youth,Jan 2016 - Dec 2016,Received,"273,673","4,053,214","3,779,541",L,0,0,0,0,1,0.168717,,,,,
201014368N,MORAL HOME FOR THE AGED SICK LIMITED,Health,Nursing Home,Jan 2016 - Dec 2016,Late,"58,877","3,820,977","3,762,100",L,0,0,0,0,1,0.168127,,,,,
199703727C,METHODIST SCHOOLS' FOUNDATION,Education,Foundations & Trusts,Aug 2016 - Jul 2017,Received,"4,701","3,752,930","3,748,229",L,0,0,0,0,1,0.167655,,,,,
197702012E,ACADEMY OF MEDICINE SINGAPORE,Health,Health Professional Group,Jan 2016 - Dec 2016,Received,"2,942,854","6,680,682","3,737,828",L,0,0,0,0,1,0.167301,,,,,
S92SS0137H,Club Rainbow (Singapore),Health,Diseases/Illnessess Support Group,Jan 2016 - Dec 2016,Received,"1,438","3,699,949","3,698,511",L,0,0,0,0,1,0.165952,,,,,
T00SS0163F,Ain Society,Social and Welfare,Children/Youth,Jan 2016 - Dec 2016,Late,"55,310","3,635,182","3,579,872",L,0,0,0,0,1,0.161792,,,,,
S61SS0119J,Singapore Association of the Visually Handicapped,Social and Welfare,Disability (Children),Apr 2016 - Mar 2017,Received,"984,202","4,529,943","3,545,741",L,0,0,0,0,1,0.160569,,,,,
T00CC1481D,COMMUNITY CANCER FUND,Health,Cluster/Hospital Funds,Apr 2016 - Mar 2017,Received,"3,740","3,389,520","3,385,780",L,0,0,0,0,1,0.154679,,,,,
T10SS0030D,Kampong Kapor Family Service Centre,Social and Welfare,Eldercare,Apr 2016 - Mar 2017,Received,"170,493","3,496,530","3,326,037",L,0,0,0,0,1,0.152408,,,,,
S97SS0023J,HCSA COMMUNITY SERVICES,Social and Welfare,Eldercare,Jan 2016 - Dec 2016,Received,"971,909","4,202,423","3,230,514",L,0,0,0,0,1,0.14869,,,,,
S73SS0035B,Singapore Disability Sports Council,Sports,NSAs,Apr 2016 - Mar 2017,Received,"31,130","3,139,992","3,108,862",L,0,0,0,0,1,0.143792,,,,,
S65SS0039D,"Singapore Shooting Association, The",Sports,NSAs,Apr 2016 - Mar 2017,Received,"468,648","3,558,651","3,090,003",L,0,0,0,0,1,0.143016,,,,,
S72SS0018H,Singapore Anti-Narcotics Association,Social and Welfare,Support Groups,Jan 2016 - Dec 2016,Received,"59,079","3,121,558","3,062,479",L,0,0,0,0,1,0.141874,,,,,
S85CC0196D,"SINGAPORE SCOUT ASSOCIATION, THE",Education,Uniformed Groups,Jan 2016 - Dec 2016,Received,"1,528,007","4,544,468","3,016,461",L,0,0,0,0,1,0.139942,,,,,
S61SS0060B,"SOCIETY FOR THE PREVENTION OF CRUELTY TO ANIMALS, SINGAPORE",Others,Animal Welfare,Jul 2016 - Jun 2017,Received,"185,630","3,178,199","2,992,569",L,0,0,0,0,1,0.138928,,,,,
199500566R,BIZLINK CENTRE SINGAPORE LTD,Social and Welfare,Disability (Adult),Apr 2016 - Mar 2017,Received,"2,757,326","5,733,104","2,975,778",L,0,0,0,0,1,0.13821,,,,,
199507762R,SINGAPORE ENVIRONMENT COUNCIL,Others,Environment,Jan 2016 - Dec 2016,Received,"9,566","2,761,001","2,751,435",L,0,0,0,0,1,0.128209,,,,,
S62SS0061C,"SINGAPORE ASSOCIATION FOR THE DEAF, THE",Social and Welfare,Disability (Adult),Apr 2016 - Mar 2017,Late,"669,046","3,406,336","2,737,290",L,0,0,0,0,1,0.127551,,,,,
T03SS0136E,SINGAPORE GYMNASTICS,Sports,NSAs,Apr 2016 - Mar 2017,Received,"21,205","2,740,682","2,719,477",L,0,0,0,0,1,0.126718,,,,,
198601162H,SINGAPORE CLAN FOUNDATION,Arts and Heritage,Training & Education,Apr 2016 - Mar 2017,Received,0,"2,706,189","2,706,189",L,0,0,0,0,1,0.126093,,,,,
S62SS0031K,Children's Aid Society,Social and Welfare,Children/Youth,Jan 2016 - Dec 2016,Late,"77,906","2,768,627","2,690,721",L,0,0,0,0,1,0.125362,,,,,
S99SS0015F,Good News Community Services,Social and Welfare,Family,Jan 2016 - Dec 2016,Received,"166,286","2,791,018","2,624,732",L,0,0,0,0,1,0.122194,,,,,
T02CC1573C,SNEC HEALTH ENDOWMENT FUND,Health,Cluster/Hospital Funds,Apr 2016 - Mar 2017,Received,"4,370","2,609,920","2,605,550",L,0,0,0,0,1,0.121258,,,,,
T07CC3022A,DARUL IHSAN ORPHANAGE,Social and Welfare,Children/Youth,Apr 2016 - Mar 2017,Late,"453,612","3,006,448","2,552,836",L,0,0,0,0,1,0.11865,,,,,
S66SS0003G,SINGAPORE RUGBY UNION,Sports,NSAs,Apr 2016 - Mar 2017,Received,"86,292","2,613,492","2,527,200",L,0,0,0,0,1,0.117362,,,,,
S75SS0014F,COUNSELLING AND CARE CENTRE,Social and Welfare,Children/Youth,Apr 2016 - Mar 2017,Received,"8,036","2,499,680","2,491,644",L,0,0,0,0,1,0.115554,,,,,
198801755D,THE THEATRE PRACTICE LTD.,Arts and Heritage,Theatre & Dramatic Arts,Apr 2016 - Mar 2017,Received,"9,861","2,500,987","2,491,126",L,0,0,0,0,1,0.115528,,,,,
S69SS0047D,Samaritans of Singapore,Social and Welfare,Support Groups,Apr 2016 - Mar 2017,Received,"547,067","3,017,743","2,470,676",L,0,0,0,0,1,0.114476,,,,,
200500010H,ASIAN FILM ARCHIVE,Arts and Heritage,Historical & Cultural Conservation,Apr 2016 - Mar 2017,Received,"58,000","2,519,543","2,461,543",L,0,0,0,0,1,0.114003,,,,,
S96SS0146D,Bethesda Care and Counselling Services Centre,Social and Welfare,Community,Apr 2016 - Mar 2017,Received,"206,062","2,665,441","2,459,379",L,0,0,0,0,1,0.113891,,,,,
200201617W,HABITAT FOR HUMANITY SINGAPORE LTD,Others,General Charitable Purposes,Jul 2016 - Jun 2017,Received,12,"2,442,896","2,442,884",L,0,0,0,0,1,0.113033,,,,,
S64SS0001E,"Eurasian Association, The",Others,Self-Help Groups,Jan 2016 - Dec 2016,Received,"30,502","2,452,749","2,422,247",L,0,0,0,0,1,0.11195,,,,,
S97SS0137L,BREAST CANCER FOUNDATION,Health,Diseases/Illnessess Support Group,May 2016 - Apr 2017,Received,"68,206","2,477,155","2,408,949",L,0,0,0,0,1,0.111248,,,,,
S71SS0035C,SINGAPORE CANOE FEDERATION,Sports,NSAs,Apr 2016 - Mar 2017,Received,"319,379","2,577,540","2,258,161",L,0,0,0,0,1,0.103,,,,,
201131617N,CAREGIVERS ALLIANCE LIMITED,Social and Welfare,Support Groups,Jan 2016 - Dec 2016,Late,"2,621","2,247,555","2,244,934",L,0,0,0,0,1,0.102251,,,,,
T02CC1585L,PAP COMMUNITY FOUNDATION - CHARITY DIVISION,Social and Welfare,Disability (Children),Apr 2016 - Mar 2017,Received,"294,277","2,517,876","2,223,599",L,0,0,0,0,1,0.101032,,,,,
T04SS0148G,Cheng Hong Welfare Service Society,Social and Welfare,Eldercare,Jan 2016 - Dec 2016,Received,"92,859","2,259,425","2,166,566",L,0,0,0,0,1,0.097717,,,,,
201204335M,LEE KUAN YEW FUND FOR BILINGUALISM,Arts and Heritage,Historical & Cultural Conservation,Apr 2016 - Mar 2017,Received,"1,000","2,159,000","2,158,000",L,0,0,0,0,1,0.097211,,,,,
200818680E,INTERCULTURAL THEATRE INSTITUTE LTD.,Arts and Heritage,Theatre & Dramatic Arts,Apr 2016 - Mar 2017,Received,"27,583","2,177,691","2,150,108",L,0,0,0,0,1,0.096744,,,,,
S82SS0081H,Riding for the Disabled Association of Singapore,Social and Welfare,Disability (Children),Jul 2016 - Jun 2017,Received,"88,912","2,211,489","2,122,577",L,0,0,0,0,1,0.0951,,,,,
195700160W,THE SINGAPORE CHESHIRE HOME,Social and Welfare,Disability (Adult),Apr 2016 - Mar 2017,Received,"849,314","2,962,009","2,112,695",L,0,0,0,0,1,0.094504,,,,,
S85SS0089B,Association of Women for Action And Research,Social and Welfare,Community,Jan 2016 - Dec 2016,Received,"73,430","2,181,735","2,108,305",L,0,0,0,0,1,0.094239,,,,,
S70SS0009L,St. John Singapore,Education,Uniformed Groups,Jan 2016 - Dec 2016,Received,"230,377","2,323,489","2,093,112",L,0,0,0,0,1,0.093316,,,,,
S62SS0049E,Singapore Tennis Association,Sports,NSAs,Apr 2016 - Mar 2017,Received,"147,776","2,237,338","2,089,562",L,0,0,0,0,1,0.0931,,,,,
199202435N,THE NECESSARY STAGE LTD,Arts and Heritage,Theatre & Dramatic Arts,Apr 2016 - Mar 2017,Received,"107,264","2,143,678","2,036,414",L,0,0,0,0,1,0.089812,,,,,
S93SS0060K,SUN-DAC,Social and Welfare,Disability (Adult),Apr 2016 - Mar 2017,Received,"112,834","2,142,666","2,029,832",L,0,0,0,0,1,0.089399,,,,,
200308081M,HALOGEN FOUNDATION (SINGAPORE),Others,Children/Youth,Jan 2016 - Dec 2016,Received,"49,608","2,073,533","2,023,925",L,0,0,0,0,1,0.089027,,,,,
S97SS0048K,Adventist Nursing and Rehabilitation Centre,Health,Day Rehabilitation Centre,Apr 2016 - Mar 2017,Received,"52,660","2,047,821","1,995,161",L,0,0,0,0,1,0.087201,,,,,
S68SS0042H,"National Book Development Council of Singapore, The",Arts and Heritage,Literary Arts,Apr 2016 - Mar 2017,Received,"2,104","1,992,806","1,990,702",L,0,0,0,0,1,0.086915,,,,,
S63SS0051C,Netball Singapore,Sports,NSAs,Apr 2016 - Mar 2017,Received,"859,392","2,792,263","1,932,871",L,0,0,0,0,1,0.083154,,,,,
T10SS0047C,Calvary Community Care,Social and Welfare,Community,Jan 2016 - Dec 2016,Received,"4,925","1,917,101","1,912,176",L,0,0,0,0,1,0.08178,,,,,
T06CC1997C,SJI INTERNATIONAL SCHOLARSHIPS AND BURSARIES FUND,Education,Local Educational Institutions/Funds,Jan 2016 - Dec 2016,Received,0,"1,908,493","1,908,493",L,0,0,0,0,1,0.081534,,,,,
T06CC1999F,WWFS CONSERVATION FUND,Others,Environment,Jul 2016 - Jun 2017,Received,0,"1,877,119","1,877,119",L,0,0,0,0,1,0.07942,,,,,
200306035Z,MERCY RELIEF LIMITED,Others,Humanitarian Aid,Jan 2016 - Dec 2016,Received,"31,314","1,904,422","1,873,108",L,0,0,0,0,1,0.079147,,,,,
T02SS0150A,Leukemia and Lymphoma Foundation,Health,Diseases/Illnessess Support Group,Jan 2016 - Dec 2016,Received,"96,682","1,932,806","1,836,124",L,0,0,0,0,1,0.076602,,,,,
T06SS0166B,"New Charis Mission, The",Social and Welfare,Support Groups,Apr 2016 - Mar 2017,Received,"1,061,862","2,888,809","1,826,947",L,0,0,0,0,1,0.075963,,,,,
201022774G,ABILITIES BEYOND LIMITATIONS AND EXPECTATIONS LIMITED,Social and Welfare,Disability (Adult),Oct 2015 - Sep 2016,Received,0,"1,823,179","1,823,179",L,0,0,0,0,1,0.075699,,,,,
S80SS0149C,Tai Pei Old People's Home,Health,Home Care,Jan 2016 - Dec 2016,Late,"45,667","1,843,162","1,797,495",L,0,0,0,0,1,0.073889,,,,,
200200167M,BRAHM CENTRE LTD.,Social and Welfare,Children/Youth,Jul 2016 - Jun 2017,Received,"43,578","1,816,588","1,773,010",L,0,0,0,0,1,0.072139,,,,,
199404067R,SINGAPORE INTERNATIONAL FILM FESTIVAL LTD,Arts and Heritage,Visual Arts,Jan 2016 - Dec 2016,Late,"666,031","2,412,392","1,746,361",L,0,0,0,0,1,0.070207,,,,,
S76SS0039A,Singapore Silat Federation (Persekutuan Silat Singapore) (PERSISI),Sports,NSAs,Apr 2016 - Mar 2017,Late,"302,247","2,048,061","1,745,814",L,0,0,0,0,1,0.070167,,,,,
T06SS0199E,Centre for Seniors,Social and Welfare,Eldercare,Jan 2016 - Dec 2016,Received,"186,975","1,889,398","1,702,423",L,0,0,0,0,1,0.066956,,,,,
201000618K,CARING FLEET SERVICES LIMITED,Social and Welfare,Disability (Children),Apr 2016 - Mar 2017,Late,"81,170","1,760,691","1,679,521",L,0,0,0,0,1,0.065228,,,,,
S89SS0091D,Apex Day Rehabilitation Centre For Elderly,Social and Welfare,Eldercare,Apr 2016 - Mar 2017,Received,"21,850","1,674,156","1,652,306",L,0,0,0,0,1,0.063143,,,,,
T00SS0043E,Children-At-Risk Empowerment Association,Social and Welfare,Children/Youth,May 2016 - Apr 2017,Received,"217,619","1,865,489","1,647,870",L,0,0,0,0,1,0.0628,,,,,
S67SS0001J,Basketball Association of Singapore,Sports,NSAs,Apr 2016 - Mar 2017,Received,"64,030","1,691,334","1,627,304",L,0,0,0,0,1,0.061198,,,,,
S87SS0101F,Singapore Dragon Boat Association,Sports,NSAs,Apr 2016 - Mar 2017,Received,"426,424","2,043,362","1,616,938",L,0,0,0,0,1,0.060382,,,,,
T02CC1619F,LIGHTHOUSE SCHOOL,Education,Local Educational Institutions/Funds,Apr 2016 - Mar 2017,Received,"125,081","1,738,684","1,613,603",L,0,0,0,0,1,0.060119,,,,,
T08SS0051C,CASA RAUDHA WOMEN HOME,Social and Welfare,Community,Jan 2016 - Dec 2016,Received,"15,142","1,618,929","1,603,787",L,0,0,0,0,1,0.05934,,,,,
S88SS0058F,"Helping Hand, The",Social and Welfare,Support Groups,Jan 2016 - Dec 2016,Received,"4,146,922","5,741,249","1,594,327",L,0,0,0,0,1,0.058585,,,,,
S61SS0001A,"Girls' Brigade, Singapore , The",Education,Uniformed Groups,Jan 2016 - Dec 2016,Received,"280,357","1,845,532","1,565,175",L,0,0,0,0,1,0.056231,,,,,
S96SS0151G,CORNERSTONE COMMUNITY SERVICES,Social and Welfare,Children/Youth,Jan 2016 - Dec 2016,Late,199,"1,559,582","1,559,383",L,0,0,0,0,1,0.055758,,,,,
T04SS0050J,FAITHACTS,Social and Welfare,Eldercare,Aug 2016 - Jul 2017,Received,1,"1,525,412","1,525,411",L,0,0,0,0,1,0.052947,,,,,
T07SS0086D,NAM HONG WELFARE SERVICE SOCIETY,Health,TCM Clinic,Jan 2016 - Dec 2016,Late,"114,612","1,627,222","1,512,610",L,0,0,0,0,1,0.051872,,,,,
201021661K,ARC CHILDREN'S CENTRE CO LIMITED,Social and Welfare,Children/Youth,Apr 2016 - Mar 2017,Received,"45,072","1,546,112","1,501,040",L,0,0,0,0,1,0.050893,,,,,
T06CC1974E,TABUNG AMAL AIDILFITRI TRUST FUND,Social and Welfare,Disability (Adult),Apr 2016 - Mar 2017,Received,"51,375","1,518,280","1,466,905",L,0,0,0,0,1,0.047957,,,,,
S65SS0025D,Fencing Singapore,Sports,NSAs,Apr 2016 - Mar 2017,Received,"123,794","1,583,985","1,460,191",L,0,0,0,0,1,0.047372,,,,,
198305430G,BREAKTHROUGH MISSIONS LTD,Social and Welfare,Support Groups,Oct 2015 - Sep 2016,Received,"1,124,265","2,578,559","1,454,294",L,0,0,0,0,1,0.046856,,,,,
199905145W,THE FINGER PLAYERS LTD,Arts and Heritage,Theatre & Dramatic Arts,Apr 2016 - Mar 2017,Received,"4,621","1,450,073","1,445,452",L,0,0,0,0,1,0.046078,,,,,
S92SS0120J,Singapore Hockey Federation,Sports,NSAs,Apr 2016 - Mar 2017,Received,"123,899","1,564,894","1,440,995",L,0,0,0,0,1,0.045684,,,,,
199501798C,CHILD AT STREET 11 LTD.,Social and Welfare,Children/Youth,Jan 2016 - Dec 2016,Late,"52,716","1,464,518","1,411,802",L,0,0,0,0,1,0.043072,,,,,
S96SS0198K,BETHESDA COMMUNITY ASSISTANCE AND RELATIONSHIP ENRICHMENT CENTRE,Social and Welfare,Community,Apr 2016 - Mar 2017,Received,0,"1,408,211","1,408,211",L,0,0,0,0,1,0.042747,,,,,
S95SS0134B,Care for the Elderly Foundation (Singapore),Social and Welfare,Eldercare,Jan 2016 - Dec 2016,Received,"13,295","1,418,420","1,405,125",L,0,0,0,0,1,0.042467,,,,,
S92CC0888D,INFANT JESUS HOMES AND CHILDREN'S CENTRES,Social and Welfare,Eldercare,Jan 2016 - Dec 2016,Received,"39,824","1,392,358","1,352,534",L,0,0,0,0,1,0.0376,,,,,
S92SS0027A,Help Family Service Centre,Social and Welfare,Family,Apr 2016 - Mar 2017,Received,"14,402","1,354,770","1,340,368",L,0,0,0,0,1,0.036447,,,,,
T03SS0051L,En Community Services Society,Social and Welfare,Children/Youth,Jul 2016 - Jun 2017,Late,"38,994","1,365,268","1,326,274",L,0,0,0,0,1,0.035099,,,,,
T00SS0109G,HEARTWARE NETWORK,Others,Children/Youth,Jan 2016 - Dec 2016,Late,"91,494","1,407,896","1,316,402",L,0,0,0,0,1,0.034145,,,,,
T12SS0028K,CLUB HEAL,Social and Welfare,Support Groups,Apr 2016 - Mar 2017,Received,"68,160","1,379,389","1,311,229",L,0,0,0,0,1,0.033643,,,,,
199002445Z,THE SINGAPORE LYRIC OPERA LIMITED,Arts and Heritage,Theatre & Dramatic Arts,Apr 2016 - Mar 2017,Late,"53,013","1,349,106","1,296,093",L,0,0,0,0,1,0.032161,,,,,
S68SS0017F,SINGAPORE WUSHU DRAGON & LION DANCE FEDERATION,Sports,NSAs,Apr 2016 - Mar 2017,Received,"318,325","1,612,766","1,294,441",L,0,0,0,0,1,0.031999,,,,,
T01SS0110J,Geylang East Home For The Aged,Social and Welfare,Eldercare,Apr 2016 - Mar 2017,Received,"79,296","1,369,271","1,289,975",L,0,0,0,0,1,0.031558,,,,,
T00CC1448L,ELDERCARE TRUST,Social and Welfare,Eldercare,Jan 2016 - Dec 2016,Received,0,"1,282,116","1,282,116",L,0,0,0,0,1,0.030778,,,,,
200408452G,FILOS COMMUNITY SERVICES LTD.,Social and Welfare,Eldercare,Jan 2016 - Dec 2016,Received,"14,679","1,294,325","1,279,646",L,0,0,0,0,1,0.030532,,,,,
S88SS0126A,Action For Aids (Singapore),Health,Diseases/Illnessess Support Group,Jan 2016 - Dec 2016,Late,"451,304","1,710,014","1,258,710",L,0,0,0,0,1,0.028427,,,,,
S67SS0005D,Girl Guides Singapore,Education,Uniformed Groups,Jan 2016 - Dec 2016,Late,"945,477","2,166,595","1,221,118",L,0,0,0,0,1,0.024559,,,,,
S94CC1034B,ASIA PACIFIC BREWERIES FOUNDATION,Others,General Charitable Purposes,Jan 2016 - Dec 2016,Late,0,"1,213,169","1,213,169",L,0,0,0,0,1,0.023725,,,,,
S97SS0106L,City Harvest Community Services Association,Social and Welfare,Eldercare,Nov 2015 - Oct 2016,Late,"30,120","1,214,972","1,184,852",L,0,0,0,0,1,0.020712,,,,,
S88CC0604C,NEE SOON SOUTH CCC COMMUNITY DEVELOPMENT AND WELFARE FUND,Community,North West,Apr 2016 - Mar 2017,Received,"105,085","1,286,969","1,181,884",L,0,0,0,0,1,0.020392,,,,,
T00SS0094D,MUSCULAR DYSTROPHY ASSOCIATION (SINGAPORE),Health,Palliative Home Care,Apr 2016 - Mar 2017,Received,"15,718","1,169,676","1,153,958",L,0,0,0,0,1,0.017341,,,,,
S91SS0104L,"National Youth Achievement Award Association, The",Others,Children/Youth,Jan 2016 - Dec 2016,Late,"43,657","1,182,961","1,139,304",L,0,0,0,0,1,0.01571,,,,,
200905934E,O SCHOOL LTD.,Arts and Heritage,"Professional, Contemporary & Ethnic Dance",Apr 2016 - Mar 2017,Received,"79,297","1,213,698","1,134,401",L,0,0,0,0,1,0.01516,,,,,
S91CC0825C,BUKIT TIMAH CCC COMMUNITY DEVELOPMENT AND WELFARE FUND,Community,North West,Apr 2016 - Mar 2017,Received,"9,942","1,127,648","1,117,706",L,0,0,0,0,1,0.013268,,,,,
T13CC0002A,MUHAMMADIYAH HEALTH & DAY CARE CENTER,Health,Day Rehabilitation Centre,Apr 2016 - Mar 2017,Late,"8,397","1,124,093","1,115,696",L,0,0,0,0,1,0.013039,,,,,
199500567G,VERY SPECIAL ARTS SINGAPORE LTD,Social and Welfare,Disability (Adult),Apr 2016 - Mar 2017,Received,"355,925","1,436,200","1,080,275",L,0,0,0,0,1,0.008922,,,,,
S66SS0023F,"Children's Charities Association of Singapore, The",Social and Welfare,Children/Youth,May 2016 - Apr 2017,Received,"13,175","1,065,232","1,052,057",L,0,0,0,0,1,0.005545,,,,,
200517863N,DRAMA BOX LTD.,Arts and Heritage,Theatre & Dramatic Arts,Apr 2016 - Mar 2017,Late,"8,949","1,055,059","1,046,110",L,0,0,0,0,1,0.004822,,,,,
S96SS0170K,Down Syndrome Association (Singapore),Social and Welfare,Disability (Children),Jul 2016 - Jun 2017,Received,"1,462,834","2,508,653","1,045,819",L,0,0,0,0,1,0.004786,,,,,
200818009N,BRIGHT HORIZONS FUND,Social and Welfare,Children/Youth,Jan 2016 - Dec 2016,Received,"2,613","1,041,635","1,039,022",L,0,0,0,0,1,0.003954,,,,,
201101809W,DING YI MUSIC COMPANY LTD.,Arts and Heritage,Music & Orchestras,Apr 2016 - Mar 2017,Received,"14,177","1,045,903","1,031,726",L,0,0,0,0,1,0.003055,,,,,
T12SS0058C,SOSD,Others,Animal Welfare,Apr 2016 - Mar 2017,Received,"269,566","1,297,042","1,027,476",L,0,0,0,0,1,0.002528,,,,,
200818017E,T.H.E DANCE COMPANY LTD.,Arts and Heritage,"Professional, Contemporary & Ethnic Dance",Apr 2016 - Mar 2017,Received,"15,999","1,023,315","1,007,316",L,0,0,0,0,1,0,,,,,
201003786C,SINGAPORE OLYMPIC FOUNDATION,Sports,Non-NSAs,Apr 2016 - Mar 2017,Received,"11,528","1,009,997","998,469",M,0,0,1,1,0,0,,,,,
S97CC1260H,JURONG CENTRAL CCC COMMUNITY DEVELOPMENT AND WELFARE FUND,Community,South West,Apr 2016 - Mar 2017,Received,"28,321","1,019,098","990,777",M,0,0,1,0.994319,0,0,,,,,
201419196W,SINGAPORE CHINESE DANCE THEATRE,Arts and Heritage,Historical & Cultural Conservation,Jan 2016 - Dec 2016,Received,"70,563","1,036,221","965,658",M,0,0,1,0.975453,0,0,,,,,
S85SS0018D,Family Life Society,Social and Welfare,Family,Jan 2016 - Dec 2016,Received,14,"954,674","954,660",M,0,0,1,0.967038,0,0,,,,,
S61SS0094A,SINGAPORE CHESS FEDERATION (PERSEKUTUAN CHATUR SINGAPURA),Sports,NSAs,Apr 2016 - Mar 2017,Received,"69,672","1,018,883","949,211",M,0,0,1,0.962833,0,0,,,,,
S67SS0031B,"Singapore Life Saving Society, The",Sports,NSAs,Jan 2016 - Dec 2016,Received,"91,305","1,036,854","945,549",M,0,0,1,0.959993,0,0,,,,,
T07CC2019K,CHUA CHU KANG CCC COMMUNITY DEVELOPMENT AND WELFARE FUND,Community,South West,Apr 2016 - Mar 2017,Received,0,"941,288","941,288",M,0,0,1,0.956675,0,0,,,,,
T03CC1669C,PRESERVATION OF MONUMENTS FUND,Arts and Heritage,Historical & Cultural Conservation,Apr 2016 - Mar 2017,Late,0,"929,586","929,586",M,0,0,1,0.947485,0,0,,,,,
S87CC0463F,BUKIT BATOK CCC COMMUNITY DEVELOPMENT AND WELFARE FUND,Community,South West,Apr 2016 - Mar 2017,Received,0,"887,316","887,316",M,0,0,1,0.913295,0,0,,,,,
T08CC2092F,MARINE PARADE LEADERSHIP FOUNDATION,Others,Children/Youth,Apr 2016 - Mar 2017,Received,"4,852","890,657","885,805",M,0,0,1,0.912043,0,0,,,,,
201403108H,CENTRE 42 LIMITED,Arts and Heritage,Theatre & Dramatic Arts,Apr 2016 - Mar 2017,Received,"88,646","971,677","883,031",M,0,0,1,0.909739,0,0,,,,,
S98SS0168E,Singapore Ice Skating Association,Sports,NSAs,Apr 2016 - Mar 2017,Received,"114,835","979,454","864,619",M,0,0,1,0.894259,0,0,,,,,
S89CC0658F,BUKIT GOMBAK CCC COMMUNITY DEVELOPMENT AND WELFARE FUND,Community,South West,Apr 2016 - Mar 2017,Received,"14,706","852,439","837,733",M,0,0,1,0.871052,0,0,,,,,
200209251R,CHECKPOINT THEATRE LIMITED,Arts and Heritage,Theatre & Dramatic Arts,Apr 2016 - Mar 2017,Late,"13,088","832,468","819,380",M,0,0,1,0.854778,0,0,,,,,
T01SS0004H,BARTLEY COMMUNITY CARE SERVICES,Social and Welfare,Children/Youth,Jan 2016 - Dec 2016,Received,"24,672","828,855","804,183",M,0,0,1,0.841025,0,0,,,,,
201136583G,IC2 PREPHOUSE LIMITED,Social and Welfare,Disability (Children),Jan 2016 - Dec 2016,Received,"30,826","826,829","796,003",M,0,0,1,0.833514,0,0,,,,,
S87CC0501H,TAMAN JURONG CCC COMMUNITY DEVELOPMENT AND WELFARE FUND,Community,South West,Apr 2016 - Mar 2017,Received,"5,095","800,496","795,401",M,0,0,1,0.832958,0,0,,,,,
S61SS0189L,Singapore Golf Association,Sports,NSAs,Apr 2016 - Mar 2017,Late,"1,019,050","1,796,030","776,980",M,0,0,1,0.815744,0,0,,,,,
S91SS0003B,"Special Olympics, Singapore",Sports,Disability Sports,Apr 2016 - Mar 2017,Received,"22,677","798,672","775,995",M,0,0,1,0.814812,0,0,,,,,
T05CC1885K,TECK GHEE CCC COMMUNITY DEVELOPMENT AND WELFARE FUND,Community,Central,Apr 2016 - Mar 2017,Received,0,"768,562","768,562",M,0,0,1,0.807741,0,0,,,,,
200818724G,BINJAITREE,Others,General Charitable Purposes,Jan 2016 - Dec 2016,Received,0,"750,738","750,738",M,0,0,1,0.790503,0,0,,,,,
200904371Z,COMPASSION FUND LTD.,Social and Welfare,Children/Youth,Apr 2016 - Mar 2017,Received,663,"749,897","749,234",M,0,0,1,0.78903,0,0,,,,,
S97SS0091H,Bo Tien Welfare Services Society,Social and Welfare,Community,Jan 2016 - Dec 2016,Received,"29,038","772,711","743,673",M,0,0,1,0.783557,0,0,,,,,
201127710M,FRONTIER DANCELAND LTD.,Arts and Heritage,"Professional, Contemporary & Ethnic Dance",Apr 2016 - Mar 2017,Received,"20,392","752,220","731,828",M,0,0,1,0.771761,0,0,,,,,
T09CC0009L,HEB - ASHRAM HALFWAY HOUSE,Social and Welfare,Support Groups,Apr 2016 - Mar 2017,Received,"30,804","762,390","731,586",M,0,0,1,0.771518,0,0,,,,,
199506857R,THE SUBSTATION LTD,Arts and Heritage,Theatre & Dramatic Arts,Apr 2016 - Mar 2017,Received,"327,676","1,040,095","712,419",M,0,0,1,0.752015,0,0,,,,,
S98SS0151F,HOPE WORLDWIDE (SINGAPORE),Social and Welfare,Disability (Adult),Jan 2016 - Dec 2016,Received,"339,024","1,049,140","710,116",M,0,0,1,0.749636,0,0,,,,,
199001149D,THEATREWORKS (SINGAPORE) LTD.,Arts and Heritage,Theatre & Dramatic Arts,Apr 2016 - Mar 2017,Received,"296,331","1,004,174","707,843",M,0,0,1,0.747281,0,0,,,,,
200615018Z,SING'THEATRE LTD.,Arts and Heritage,Theatre & Dramatic Arts,Jan 2016 - Dec 2016,Late,"1,036","702,485","701,449",M,0,0,1,0.740614,0,0,,,,,
S96SS0203J,Parkinson Society Singapore,Health,Diseases/Illnessess Support Group,Jan 2016 - Dec 2016,Received,"89,323","789,850","700,527",M,0,0,1,0.739648,0,0,,,,,
S80SS0046B,Adventist Home for the Elders,Social and Welfare,Eldercare,Jan 2016 - Dec 2016,Received,"95,737","780,217","684,480",M,0,0,1,0.722624,0,0,,,,,
T02SS0190K,ALIVE COMMUNITY NETWORK,Social and Welfare,Children/Youth,Aug 2016 - Jul 2017,Received,"99,849","775,876","676,027",M,0,0,1,0.713495,0,0,,,,,
S84SS0010J,National Arthritis Foundation,Health,Diseases/Illnessess Support Group,Jan 2016 - Dec 2016,Received,"8,703","684,529","675,826",M,0,0,1,0.713276,0,0,,,,,
T06CC1938B,YUHUA CCC COMMUNITY DEVELOPMENT AND WELFARE FUND,Community,South West,Apr 2016 - Mar 2017,Received,839,"670,011","669,172",M,0,0,1,0.706007,0,0,,,,,
S58SS0009A,SINGAPORE CYCLING FEDERATION,Sports,NSAs,Apr 2016 - Mar 2017,Late,"170,464","834,814","664,350",M,0,0,1,0.700694,0,0,,,,,
T01SS0121K,Animal Concerns Research and Education Society,Others,Animal Welfare,Apr 2016 - Mar 2017,Late,"71,042","734,499","663,457",M,0,0,1,0.699706,0,0,,,,,
200812207D,SINGAPORE NATIONAL PARALYMPIC COUNCIL LTD.,Sports,Disability Sports,Apr 2016 - Mar 2017,Received,"85,518","721,054","635,536",M,0,0,1,0.66812,0,0,,,,,
201333807K,PLAYEUM LTD.,Arts and Heritage,Theatre & Dramatic Arts,Apr 2016 - Mar 2017,Received,"8,547","635,127","626,580",M,0,0,1,0.657693,0,0,,,,,
S96SS0013K,Singapore Buddhist Lodge Education Foundation,Education,Foundations & Trusts,Jan 2016 - Dec 2016,Late,"70,918","694,267","623,349",M,0,0,1,0.653895,0,0,,,,,
200311661W,THONG CHAI INSTITUTE OF MEDICAL RESEARCH,Health,TCM Clinic,Jan 2016 - Dec 2016,Received,"39,192","659,101","619,909",M,0,0,1,0.64983,0,0,,,,,
S60SS0022B,SINGAPORE BASEBALL AND SOFTBALL ASSOCIATION,Sports,NSAs,Apr 2016 - Mar 2017,Received,"188,614","799,938","611,324",M,0,0,1,0.639585,0,0,,,,,
200107383N,ODYSSEY DANCE THEATRE LTD,Arts and Heritage,"Professional, Contemporary & Ethnic Dance",Apr 2016 - Mar 2017,Received,"8,648","616,631","607,983",M,0,0,1,0.635559,0,0,,,,,
199907527E,BHASKAR'S ARTS ACADEMY LTD,Arts and Heritage,Traditional Ethnic Performing Arts,Apr 2016 - Mar 2017,Received,"173,000","780,540","607,540",M,0,0,1,0.635023,0,0,,,,,
S95SS0013E,SINGAPORE HOSPICE COUNCIL,Health,Palliative Home Care,Apr 2016 - Mar 2017,Received,"14,289","610,468","596,179",M,0,0,1,0.621155,0,0,,,,,
T07CC2016L,MARSILING CCC COMMUNITY DEVELOPMENT AND WELFARE FUND,Community,North West,Apr 2016 - Mar 2017,Received,17,"554,671","554,654",M,0,0,1,0.568116,0,0,,,,,
S86SS0002F,Disabled People's Association,Social and Welfare,Disability (Adult),Apr 2016 - Mar 2017,Received,0,"553,267","553,267",M,0,0,1,0.566277,0,0,,,,,
200809663K,OPERAVIVA LIMITED,Arts and Heritage,Theatre & Dramatic Arts,Jul 2016 - Jun 2017,Received,"5,732","558,482","552,750",M,0,0,1,0.56559,0,0,,,,,
201221584C,NINE YEARS THEATRE LTD.,Arts and Heritage,Theatre & Dramatic Arts,Apr 2016 - Mar 2017,Received,"5,059","552,420","547,361",M,0,0,1,0.558393,0,0,,,,,
T01CC1489K,WOODBRIDGE HOSPITAL CHARITY FUND,Health,Cluster/Hospital Funds,Apr 2016 - Mar 2017,Received,"5,205","551,847","546,642",M,0,0,1,0.557427,0,0,,,,,
T08SS0161K,Blossom World Society,Others,Children/Youth,Jan 2016 - Dec 2016,Received,"48,742","585,565","536,823",M,0,0,1,0.544111,0,0,,,,,
S74SS0031A,Singapore Taekwondo Federation,Sports,NSAs,Apr 2016 - Mar 2017,Late,"1,222,965","1,743,699","520,734",M,0,0,1,0.521756,0,0,,,,,
S86CC0308D,ULU PANDAN CCC COMMUNITY DEVELOPMENT AND WELFARE FUND,Community,North West,Apr 2016 - Mar 2017,Received,0,"519,040","519,040",M,0,0,1,0.519363,0,0,,,,,
201006653E,AIDHA LTD.,Social and Welfare,Community,Jul 2016 - Jun 2017,Received,"7,377","524,591","517,214",M,0,0,1,0.516774,0,0,,,,,
201314611H,BABES PREGNANCY CRISIS SUPPORT LTD.,Social and Welfare,Children/Youth,Apr 2015 - Mar 2016,Received,"109,437","618,564","509,127",M,0,0,1,0.505196,0,0,,,,,
201323131D,SAF CARE FUND,Social and Welfare,Disability (Adult),Apr 2016 - Mar 2017,Received,0,"507,737","507,737",M,0,0,1,0.503188,0,0,,,,,
S70SS0024H,SINGAPORE SQUASH RACKETS ASSOCIATION,Sports,NSAs,Apr 2016 - Mar 2017,Received,"91,156","592,846","501,690",M,0,0,1,0.494386,0,0,,,,,
S71SS0043E,Diabeties Singapore,Health,Diseases/Illnessess Support Group,Jan 2016 - Dec 2016,Late,"678,290","1,173,469","495,179",M,0,0,1,0.484789,0,0,,,,,
201314186Z,CAUSES FOR ANIMALS (SINGAPORE) LIMITED,Others,Animal Welfare,Jun 2016 - May 2017,Late,"56,599","531,895","475,296",M,0,0,1,0.454682,0,0,,,,,
T03CC1685G,SINGAPORE INSTITUTE OF INTERNATIONAL AFFAIRS ENDOWMENT FUND,Others,Think Tanks,Jan 2016 - Dec 2016,Received,"10,000","480,290","470,290",M,0,0,1,0.446903,0,0,,,,,
197500851C,KRETA AYER PEOPLE'S THEATRE FOUNDATION,Arts and Heritage,Traditional Ethnic Performing Arts,Jul 2016 - Jun 2017,Received,"554,927","1,023,325","468,398",M,0,0,1,0.443942,0,0,,,,,
T14CC0007H,Vision 2030 Fund,Sports,Others,Apr 2016 - Mar 2017,Received,"35,243","500,988","465,745",M,0,0,1,0.439769,0,0,,,,,
S61SS0121B,Singapore Leprosy Relief Association,Health,Others,Apr 2016 - Mar 2017,Late,"283,476","745,846","462,370",M,0,0,1,0.434426,0,0,,,,,
T08CC2100D,Inmates' Families Support Fund,Social and Welfare,Support Groups,Jan 2016 - Dec 2016,Late,800,"461,741","460,941",M,0,0,1,0.432152,0,0,,,,,
199104843M,LEE KUAN YEW SCHOLARSHIP FUND,Others,Children/Youth,Jan 2016 - Dec 2016,Received,0,"457,976","457,976",M,0,0,1,0.427411,0,0,,,,,
S91SS0058G,"Turning Point, The",Social and Welfare,Support Groups,Jan 2016 - Dec 2016,Received,"171,554","627,423","455,869",M,0,0,1,0.424023,0,0,,,,,
T04CC1786K,CONSUMERS ASSOCIATION OF SINGAPORE ENDOWMENT FUND,Others,General Charitable Purposes,Apr 2016 - Mar 2017,Received,"44,078","489,863","445,785",M,0,0,1,0.40759,0,0,,,,,
199508102H,SALEM WELFARE SERVICES LTD,Health,Day Rehabilitation Centre,Jan 2016 - Dec 2016,Received,"53,480","493,130","439,650",M,0,0,1,0.39741,0,0,,,,,
T04SS0204E,Catholic AIDS Response Effort,Social and Welfare,Community,Jan 2016 - Dec 2016,Late,"21,196","455,425","434,229",M,0,0,1,0.388295,0,0,,,,,
T07CC2027A,ACS (International) Education Fund,Education,Local Educational Institutions/Funds,Jan 2016 - Dec 2016,Received,0,"428,370","428,370",M,0,0,1,0.378315,0,0,,,,,
201113675E,THE RED PENCIL (SINGAPORE),Social and Welfare,Disability (Children),Jan 2016 - Dec 2016,Received,"53,157","480,308","427,151",M,0,0,1,0.376222,0,0,,,,,
T11CC0005A,JURONG SPRING CCC COMMUNITY DEVELOPMENT AND WELFARE FUND,Community,South West,Apr 2016 - Mar 2017,Received,"13,254","436,920","423,666",M,0,0,1,0.370203,0,0,,,,,
200916397C,TEMENGGONG ARTISTS-IN-RESIDENCE LTD.,Arts and Heritage,Visual Arts,Jan 2016 - Dec 2016,Late,0,"415,425","415,425",M,0,0,1,0.355772,0,0,,,,,
200302260G,GUIDE DOGS SINGAPORE LTD.,Social and Welfare,Disability (Children),Dec 2015 - Nov 2016,Received,"114,588","519,613","405,025",M,0,0,1,0.337147,0,0,,,,,
T06CC1963D,NNI HEALTH RESEARCH ENDOWMENT FUND,Health,Cluster/Hospital Funds,Apr 2016 - Mar 2017,Received,0,"404,873","404,873",M,0,0,1,0.336871,0,0,,,,,
201114924K,NEW OPERA SINGAPORE LTD.,Arts and Heritage,Theatre & Dramatic Arts,Apr 2016 - Mar 2017,Received,"7,412","407,514","400,102",M,0,0,1,0.328162,0,0,,,,,
T05SS0028L,Global Compact Network Singapore,Others,General Charitable Purposes,Jan 2016 - Dec 2016,Late,0,"398,025","398,025",M,0,0,1,0.324339,0,0,,,,,
S96SS0196G,Singapore National Stroke Association,Health,Diseases/Illnessess Support Group,Jan 2016 - Dec 2016,Received,"2,934","393,417","390,483",M,0,0,1,0.310285,0,0,,,,,
T05SS0315B,Silver Ribbon (Singapore),Health,Others,Aug 2016 - Jul 2017,Received,"31,325","418,697","387,372",M,0,0,1,0.304408,0,0,,,,,
200304127K,ART OUTREACH SINGAPORE LIMITED,Arts and Heritage,Training & Education,Apr 2016 - Mar 2017,Received,"6,191","392,118","385,927",M,0,0,1,0.301663,0,0,,,,,
200813216C,SOCIAL CREATIVES LTD.,Arts and Heritage,Historical & Cultural Conservation,Jul 2016 - Jun 2017,Received,"2,913","385,434","382,521",M,0,0,1,0.29515,0,0,,,,,
S75SS0039G,Breadline Group,Social and Welfare,Community,Jan 2016 - Dec 2016,Received,"10,481","377,853","367,372",M,0,0,1,0.265464,0,0,,,,,
S97SS0032G,HOPE CENTRE (SINGAPORE),Social and Welfare,Eldercare,Apr 2015 - Mar 2016,Received,0,"364,714","364,714",M,0,0,1,0.26013,0,0,,,,,
200614780G,MUSICAL THEATRE LTD.,Arts and Heritage,Theatre & Dramatic Arts,Apr 2016 - Mar 2017,Received,"57,069","408,921","351,852",M,0,0,1,0.233754,0,0,,,,,
200301515E,SPIRIT OF ENTERPRISE,Others,Children/Youth,Jan 2016 - Dec 2016,Late,"10,219","336,842","326,623",M,0,0,1,0.179093,0,0,,,,,
S89CC0678E,KRETA AYER- KIM SENG CCC COMMUNITY DEVELOPMENT AND WELFARE FUND,Community,Central,Apr 2016 - Mar 2017,Received,"6,955","326,645","319,690",M,0,0,1,0.163331,0,0,,,,,
200410925C,TFA LALITA KALA COMPANY,Arts and Heritage,Traditional Ethnic Performing Arts,Jan 2016 - Dec 2016,Received,0,"315,072","315,072",M,0,0,1,0.152642,0,0,,,,,
T03CC1661B,CHONG PANG CCC COMMUNITY DEVELOPMENT AND WELFARE FUND,Community,North West,Apr 2016 - Mar 2017,Received,"59,479","372,903","313,424",M,0,0,1,0.148789,0,0,,,,,
T01SS0058F,Concern & Care Society,Social and Welfare,Eldercare,Apr 2016 - Mar 2017,Received,"28,369","327,950","299,581",M,0,0,1,0.115604,0,0,,,,,
S92CC0869A,KAKI BUKIT CCC COMMUNITY DEVELOPMENT AND WELFARE FUND,Community,North East,Apr 2016 - Mar 2017,Received,"20,757","319,779","299,022",M,0,0,1,0.114232,0,0,,,,,
S87CC0460G,YIO CHU KANG CCC COMMUNITY DEVELOPMENT AND WELFARE FUND,Community,Central,Apr 2016 - Mar 2017,Received,0,"294,810","294,810",M,0,0,1,0.10381,0,0,,,,,
S86CC0339D,RADIN MAS CCC COMMUNITY DEVELOPMENT AND WELFARE FUND,Community,Central,Apr 2016 - Mar 2017,Received,"13,365","300,477","287,112",M,0,0,1,0.084372,0,0,,,,,
S89CC0668L,QUEENSTOWN CCC COMMUNITY DEVELOPMENT AND WELFARE FUND,Community,Central,Apr 2016 - Mar 2017,Received,0,"276,366","276,366",M,0,0,1,0.056348,0,0,,,,,
200402751C,D.S. LEE FOUNDATION,Health,Others,May 2016 - Apr 2017,Received,"24,013","299,785","275,772",M,0,0,1,0.054767,0,0,,,,,
S69SS0025B,SINGAPORE MOTOR SPORTS ASSOCIATION,Sports,NSAs,Apr 2016 - Mar 2017,Received,"222,336","494,316","271,980",M,0,0,1,0.044596,0,0,,,,,
T02CC1588K,Henderson-Dawson CCC Community Development and Welfare Fund,Community,Central,Apr 2016 - Mar 2017,Received,"10,159","280,533","270,374",M,0,0,1,0.040245,0,0,,,,,
200303941K,ASIAN MEDICAL FOUNDATION LTD.,Health,Others,Oct 2015 - Sep 2016,Received,"6,117","275,600","269,483",M,0,0,1,0.03782,0,0,,,,,
T04CC1798G,STRATEGIC STUDIES FUND,Others,Think Tanks,Jan 2016 - Dec 2016,Received,0,"268,666","268,666",M,0,0,1,0.035589,0,0,,,,,
S97CC1249F,YEW TEE CCC COMMUNITY DEVELOPMENT AND WELFARE FUND,Community,North West,Apr 2016 - Mar 2017,Received,"1,000","266,353","265,353",M,0,0,1,0.026474,0,0,,,,,
201005410R,THE PRIVATE MUSEUM LTD.,Arts and Heritage,Visual Arts,Apr 2016 - Mar 2017,Late,"15,114","273,442","258,328",M,0,0,1,0.006762,0,0,,,,,
S61SS0142H,Nature Society (Singapore),Others,Environment,Jan 2016 - Dec 2016,Received,"19,025","274,986","255,961",M,0,0,1,0,0,0,,,,,
199904358R,THE MALAY HERITAGE FOUNDATION LTD,Arts and Heritage,Historical & Cultural Conservation,Apr 2016 - Mar 2017,Received,"230,549","480,108","249,559",S,1,1,0,0,0,0,,,,,
S85SS0047A,Haemophilia Society of Singapore,Health,Diseases/Illnessess Support Group,Jul 2016 - Jun 2017,Received,"5,000","247,930","242,930",S,1,0.997834,0,0,0,0,,,,,
201305017E,SMA CHARITY FUND,Health,Others,Jan 2016 - Dec 2016,Received,677,"241,775","241,098",S,1,0.997225,0,0,0,0,,,,,
S98SS0167J,Restroom Association (Singapore),Others,Environment,Apr 2016 - Mar 2017,Received,"10,413","249,136","238,723",S,1,0.996428,0,0,0,0,,,,,
S92CC0922L,Bishan East-Thomson CCC Community Development and Welfare Fund,Community,Central,Apr 2016 - Mar 2017,Received,"10,585","246,282","235,697",S,1,0.995401,0,0,0,0,,,,,
200105928G,ST GABRIEL'S FOUNDATION,Education,Foundations & Trusts,Jan 2016 - Dec 2016,Received,"162,150","391,140","228,990",S,1,0.993078,0,0,0,0,,,,,
T07CC2007B,PUNGGOL NORTH CCC COMMUNITY DEVELOPMENT AND WELFARE FUND,Community,North East,Apr 2016 - Mar 2017,Received,0,"228,261","228,261",S,1,0.992822,0,0,0,0,,,,,
201405223G,HONOUR (SINGAPORE) LTD.,Others,General Charitable Purposes,Jun 2016 - May 2017,Received,"1,941","229,508","227,567",S,1,0.992577,0,0,0,0,,,,,
T02CC1597H,BUKIT BATOK EAST CCC COMMUNITY DEVELOPMENT AND WELFARE FUND,Community,South West,Apr 2016 - Mar 2017,Received,"2,000","226,131","224,131",S,1,0.991353,0,0,0,0,,,,,
S95CC1109G,MACPHERSON CCC COMMUNITY DEVELOPMENT AND WELFARE FUND,Community,South East,Apr 2016 - Mar 2017,Received,0,"213,508","213,508",S,1,0.987446,0,0,0,0,,,,,
T06SS0077A,CampusImpact,Social and Welfare,Children/Youth,Jan 2016 - Dec 2016,Received,480,"208,843","208,363",S,1,0.985483,0,0,0,0,,,,,
T00CC1410F,NNI HEALTH ENDOWMENT FUND,Health,Cluster/Hospital Funds,Apr 2016 - Mar 2017,Received,0,"207,085","207,085",S,1,0.984988,0,0,0,0,,,,,
T04SS0073G,CAREGIVING WELFARE ASSOCIATION,Social and Welfare,Eldercare,Jan 2016 - Dec 2016,Received,"290,829","490,276","199,447",S,1,0.981964,0,0,0,0,,,,,
S92CC0879F,WHAMPOA CCC COMMUNITY DEVELOPMENT AND WELFARE FUND,Community,Central,Apr 2016 - Mar 2017,Received,"48,090","240,902","192,812",S,1,0.979241,0,0,0,0,,,,,
S95SS0164F,Epilepsy Care Group (Singapore),Health,Diseases/Illnessess Support Group,Apr 2016 - Mar 2017,Received,"1,590","194,091","192,501",S,1,0.979111,0,0,0,0,,,,,
199504600N,THE CHINESE OPERA INSTITUTE,Arts and Heritage,Traditional Ethnic Performing Arts,Apr 2016 - Mar 2017,Received,"50,088","241,289","191,201",S,1,0.978566,0,0,0,0,,,,,
200823204E,WILDLIFE RESERVES SINGAPORE CONSERVATION FUND,Others,Animal Welfare,Apr 2016 - Mar 2017,Received,0,"189,188","189,188",S,1,0.977714,0,0,0,0,,,,,
201329363K,FOOTBALLPLUS LTD.,Sports,Non-NSAs,Jan 2016 - Dec 2016,Received,"2,615","184,765","182,150",S,1,0.974664,0,0,0,0,,,,,
200416313W,NULIFE CARE & COUNSELLING SERVICES LIMITED,Social and Welfare,Community,Jan 2016 - Dec 2016,Received,326,"169,569","169,243",S,1,0.96875,0,0,0,0,,,,,
T10CC0001A,Hwa Chong International School Education Fund,Education,Local Educational Institutions/Funds,Jan 2016 - Dec 2016,Received,"3,260","167,663","164,403",S,1,0.966415,0,0,0,0,,,,,
S92CC0903H,TAMPINES WEST CCC COMMUNITY DEVELOPMENT AND WELFARE FUND,Community,North East,Apr 2016 - Mar 2017,Received,160,"164,073","163,913",S,1,0.966175,0,0,0,0,,,,,
T09CC0007H,Seventy Times Seven,Social and Welfare,Support Groups,Jan 2016 - Dec 2016,Received,"189,370","348,332","158,962",S,1,0.963707,0,0,0,0,,,,,
T07CC2010B,PUNGGOL EAST CCC COMMUNITY DEVELOPMENT AND WELFARE FUND,Community,North East,Apr 2016 - Mar 2017,Received,"14,591","172,906","158,315",S,1,0.963379,0,0,0,0,,,,,
S99CC1352G,WEST COAST CCC COMMUNITY DEVELOPMENT AND WELFARE FUND,Community,South West,Apr 2016 - Mar 2017,Received,"21,124","156,632","135,508",S,1,0.950862,0,0,0,0,,,,,
201300853G,YOUTH GOLF NETWORK LTD.,Sports,Non-NSAs,Jan 2016 - Dec 2016,Received,"2,161","131,841","129,680",S,1,0.947325,0,0,0,0,,,,,
200204369H,ALIFE LTD.,Social and Welfare,Children/Youth,Jul 2016 - Jun 2017,Received,"49,902","169,206","119,304",S,1,0.940614,0,0,0,0,,,,,
S62SS0079J,"SINGAPORE CONTRACT BRIDGE ASSOCIATION, THE",Sports,NSAs,Apr 2016 - Mar 2017,Received,"89,563","208,177","118,614",S,1,0.940147,0,0,0,0,,,,,
T03CC1736B,Toa Payoh East-Novena CCC Community Development and Welfare Fund,Community,Central,Apr 2016 - Mar 2017,Received,0,"116,777","116,777",S,1,0.938891,0,0,0,0,,,,,
T11CC0004E,Woodgrove CCC CDWF,Community,North West,Apr 2016 - Mar 2017,Received,"65,569","180,571","115,002",S,1,0.937659,0,0,0,0,,,,,
T06CC1996G,SJI INTERNATIONAL BUILDING AND DEVELOPMENT FUND,Education,Local Educational Institutions/Funds,Jan 2016 - Dec 2016,Received,0,"111,122","111,122",S,1,0.934897,0,0,0,0,,,,,
T09SS0071G,"Design Society, The",Arts and Heritage,Others,Jan 2016 - Dec 2016,Late,"10,679","118,749","108,070",S,1,0.932656,0,0,0,0,,,,,
S91CC0795C,BRADDELL HEIGHTS CCC COMMUNITY DEVELOPMENT AND WELFARE FUND,Community,South East,Apr 2016 - Mar 2017,Received,0,"106,904","106,904",S,1,0.931783,0,0,0,0,,,,,
T06CC1973J,POTONG PASIR CCC COMMUNITY DEVELOPMENT AND WELFARE FUND,Community,Central,Apr 2016 - Mar 2017,Received,"6,689","112,506","105,817",S,1,0.930961,0,0,0,0,,,,,
T07CC2029D,TOA PAYOH CENTRAL CCC COMMUNITY DEVELOPMENT AND WELFARE FUND,Community,Central,Apr 2016 - Mar 2017,Received,"51,000","150,684","99,684",S,1,0.926157,0,0,0,0,,,,,
S91CC0799J,PAYA LEBAR CCC COMMUNITY DEVELOPMENT AND WELFARE FUND,Community,North East,Apr 2016 - Mar 2017,Received,0,"98,857","98,857",S,1,0.925486,0,0,0,0,,,,,
T01SS0015J,Singapore Weightlifting Federation,Sports,NSAs,Apr 2016 - Mar 2017,Late,"40,953","137,799","96,846",S,1,0.923833,0,0,0,0,,,,,
S99SS0038D,Waterways Watch Society,Others,Environment,Apr 2016 - Mar 2017,Received,"262,683","359,152","96,469",S,1,0.923519,0,0,0,0,,,,,
T01CC1516L,NUH HEALTH RESEARCH ENDOWMENT FUND,Health,Cluster/Hospital Funds,Apr 2016 - Mar 2017,Received,0,"95,911","95,911",S,1,0.923052,0,0,0,0,,,,,
S86CC0356D,CHENG SAN - SELETAR CCC COMMUNITY DEVELOPMENT AND WELFARE FUND,Community,Central,Apr 2016 - Mar 2017,Received,0,"86,974","86,974",S,1,0.915181,0,0,0,0,,,,,
T05CC1908D,BISHAN NORTH CCC COMMUNITY DEVELOPMENT AND WELFARE FUND,Community,Central,Apr 2016 - Mar 2017,Received,0,"84,124","84,124",S,1,0.912501,0,0,0,0,,,,,
T07CC2021C,NANYANG CITIZEN'S CONSULTATIVE COMMITTEE WELFARE AND EDUCATION FUND,Community,South West,Apr 2016 - Mar 2017,Received,0,"83,555","83,555",S,1,0.911954,0,0,0,0,,,,,
T07CC2047L,Toa Payoh West-Balestier CCC Community Development and Welfare Fund,Community,Central,Apr 2016 - Mar 2017,Received,0,"82,746","82,746",S,1,0.911172,0,0,0,0,,,,,
T02CC1640B,PIONEER CCC COMMUNITY DEVELOPMENT AND WELFARE FUND,Community,South West,Apr 2016 - Mar 2017,Received,0,"80,617","80,617",S,1,0.909074,0,0,0,0,,,,,
S89CC0709A,TAMPINES EAST CCC COMMUNITY DEVELOPMENT AND WELFARE FUND,Community,North East,Apr 2016 - Mar 2017,Received,0,"80,131","80,131",S,1,0.908588,0,0,0,0,,,,,
T02CC1598D,CHANGI SIMEI CCC COMMUNITY DEVELOPMENT AND WELFARE FUND,Community,South East,Apr 2016 - Mar 2017,Received,"28,381","106,941","78,560",S,1,0.906994,0,0,0,0,,,,,
S87CC0436A,JALAN KAYU CCC COMMUNITY DEVELOPMENT AND WELFARE FUND,Community,Central,Apr 2016 - Mar 2017,Received,"23,600","100,716","77,116",S,1,0.905502,0,0,0,0,,,,,
S91CC0782K,HONG KAH NORTH CCC COMMUNITY DEVELOPMENT AND WELFARE FUND,Community,South West,Apr 2016 - Mar 2017,Received,"169,480","245,668","76,188",S,1,0.904527,0,0,0,0,,,,,
S86CC0397J,KEBUN BARU CCC COMMUNITY DEVELOPMENT AND WELFARE FUND,Community,North West,Apr 2016 - Mar 2017,Received,"13,481","88,119","74,638",S,1,0.902873,0,0,0,0,,,,,
T10SS0077G,Bowling Association for the Disabled (Singapore),Sports,NSAs,Jan 2016 - Dec 2016,Received,"8,083","81,758","73,675",S,1,0.901828,0,0,0,0,,,,,
T06CC1994D,SENGKANG WEST CCC COMMUNITY DEVELOPMENT AND WELFARE FUND,Community,Central,Apr 2016 - Mar 2017,Received,"162,774","234,800","72,026",S,1,0.900007,0,0,0,0,,,,,
S91SS0060L,Tampines Arts Troupe,Arts and Heritage,Traditional Ethnic Performing Arts,Jan 2016 - Dec 2016,Late,818,"66,113","65,295",S,1,0.892112,0,0,0,0,,,,,
T14CC0003B,The Friends of The University of Warwick in Singapore,Education,Foreign Educational Institutions/Funds,Jan 2016 - Dec 2016,Received,125,"56,848","56,723",S,1,0.880788,0,0,0,0,,,,,
S98CC1346C,KEMBANGAN-CHAI CHEE CCC COMMUNITY DEVELOPMENT AND WELFARE FUND,Community,South East,Apr 2016 - Mar 2017,Received,"46,887","101,994","55,107",S,1,0.878462,0,0,0,0,,,,,
S90CC0764J,BEDOK CCC COMMUNITY DEVELOPMENT AND WELFARE FUND,Community,South East,Apr 2016 - Mar 2017,Received,"12,944","68,032","55,088",S,1,0.878435,0,0,0,0,,,,,
S92CC0892L,TAMPINES CHANGKAT CCC COMMUNITY DEVELOPMENT AND WELFARE FUND,Community,North East,Apr 2016 - Mar 2017,Received,"64,722","119,310","54,588",S,1,0.877701,0,0,0,0,,,,,
S95CC1101F,CLEMENTI CCC COMMUNITY DEVELOPMENT AND WELFARE FUND,Community,South West,Apr 2016 - Mar 2017,Received,0,"51,000","51,000",S,1,0.87223,0,0,0,0,,,,,
200701899H,JOHN MEAD DANCE COMPANY LTD.,Arts and Heritage,"Professional, Contemporary & Ethnic Dance",Mar 2016 - Feb 2017,Late,0,"48,023","48,023",S,1,0.867391,0,0,0,0,,,,,
201411304Z,NEW LIFE STORIES LIMITED,Social and Welfare,Support Groups,Jan 2016 - Dec 2016,Late,0,"46,650","46,650",S,1,0.865056,0,0,0,0,,,,,
T11CC0008L,AYER RAJAH CCC COMMUNITY DEVELOPMENT AND WELFARE FUND,Community,South West,Apr 2016 - Mar 2017,Received,"8,064","54,255","46,191",S,1,0.864261,0,0,0,0,,,,,
T06CC1941B,SEMBAWANG CCC COMMUNITY DEVELOPMENT AND WELFARE FUND,Community,North West,Apr 2016 - Mar 2017,Received,0,"45,068","45,068",S,1,0.86228,0,0,0,0,,,,,
S86CC0364F,TANJONG PAGAR-TIONG BAHRU CCC COMMUNITY DEVELOPMENT AND WELFARE FUND,Community,Central,Apr 2016 - Mar 2017,Received,"9,208","53,338","44,130",S,1,0.860588,0,0,0,0,,,,,
T00CC1423K,NATIONAL SKIN CENTRE HEALTH ENDOWMENT FUND,Health,Cluster/Hospital Funds,Apr 2016 - Mar 2017,Received,0,"43,732","43,732",S,1,0.859859,0,0,0,0,,,,,
T12CC0002G,Punggol Coast CCC Community Development and Welfare Fund,Community,North East,Apr 2016 - Mar 2017,Received,"6,673","46,104","39,431",S,1,0.851529,0,0,0,0,,,,,
T12SS0009G,BEAUTIFUL MIND CHARITY,Arts and Heritage,Training & Education,Jan 2016 - Dec 2016,Received,"3,559","42,600","39,041",S,1,0.850729,0,0,0,0,,,,,
201020087W,CANOSSA MISSION SINGAPORE,Social and Welfare,Children/Youth,Jan 2016 - Dec 2016,Received,"38,948","77,896","38,948",S,1,0.850537,0,0,0,0,,,,,
S83SS0001F,Centre of Activity and Recreation for the Elders (CARE),Social and Welfare,Eldercare,Apr 2016 - Mar 2017,Late,"41,520","79,074","37,554",S,1,0.847604,0,0,0,0,,,,,
T12SS0228C,DEAF SPORTS ASSOCIATION (SINGAPORE),Sports,Non-NSAs,Apr 2016 - Mar 2017,Received,300,"37,043","36,743",S,1,0.845847,0,0,0,0,,,,,
S91SS0026L,Lupus Association (Singapore),Health,Diseases/Illnessess Support Group,Jan 2016 - Dec 2016,Received,"5,470","40,104","34,634",S,1,0.841091,0,0,0,0,,,,,
199703832N,SINGAPORE TECHNOLOGIES ENDOWMENT PROGRAMME LIMITED,Others,Children/Youth,Apr 2016 - Mar 2017,Received,"8,316","38,676","30,360",S,1,0.830493,0,0,0,0,,,,,
T07CC2006F,CASHEW CCC COMMUNITY DEVELOPMENT AND WELFARE FUND,Community,North West,Apr 2016 - Mar 2017,Received,0,"29,500","29,500",S,1,0.828181,0,0,0,0,,,,,
T07CC2015D,PASIR RIS EAST CCC COMMUNITY DEVELOPMENT AND WELFARE FUND,Community,North East,Apr 2016 - Mar 2017,Received,"4,853","34,105","29,252",S,1,0.827502,0,0,0,0,,,,,
T04CC1795H,TAMPINES CENTRAL CCC COMMUNITY DEVELOPMENT AND WELFARE FUND,Community,North East,Apr 2016 - Mar 2017,Received,"3,949","31,899","27,950",S,1,0.823838,0,0,0,0,,,,,
S88CC0571D,BEDOK RESERVIOR-PUNGGOL CCC COMMUNITY DEVELOPMENT AND WELFARE FUND,Community,North East,Apr 2016 - Mar 2017,Received,"36,264","62,349","26,085",S,1,0.818281,0,0,0,0,,,,,
S92CC0856H,GEYLANG SERAI CCC COMMUNITY DEVELOPMENT AND WELFARE FUND,Community,South East,Apr 2016 - Mar 2017,Received,"3,000","29,027","26,027",S,1,0.818102,0,0,0,0,,,,,
S92CC0881K,KAMPONG CHAI CHEE CCC COMMUNITY DEVELOPMENT AND WELFARE FUND,Community,South East,Apr 2016 - Mar 2017,Received,0,"24,910","24,910",S,1,0.814573,0,0,0,0,,,,,
T04CC1832C,TAMPINES NORTH CCC COMMUNITY DEVELOPMENT AND WELFARE FUND,Community,North East,Apr 2016 - Mar 2017,Received,0,"21,143","21,143",S,1,0.80138,0,0,0,0,,,,,
T07CC2053K,Sengkang Central CCC Community Development and Welfare Fund,Community,North East,Apr 2016 - Mar 2017,Received,"3,529","21,114","17,585",S,1,0.786554,0,0,0,0,,,,,
T14CC0001K,"Teck Ghee Community Development, Welfare And Building Fund",Community,Central,Apr 2016 - Mar 2017,Received,0,"16,606","16,606",S,1,0.781944,0,0,0,0,,,,,
S87CC0542B,BOON LAY CCC COMMUNITY DEVELOPMENT AND WELFARE FUND,Community,South West,Apr 2016 - Mar 2017,Received,0,"16,096","16,096",S,1,0.779435,0,0,0,0,,,,,
S89CC0688K,FENGSHAN CCC COMMUNITY DEVELOPMENT AND WELFARE FUND,Community,South East,Apr 2016 - Mar 2017,Received,"26,084","40,018","13,934",S,1,0.767829,0,0,0,0,,,,,
S85CC0267J,TELOK BLANGAH CCC COMMUNITY DEVELOPMENT AND WELFARE FUND,Community,South West,Apr 2016 - Mar 2017,Received,"58,850","70,483","11,633",S,1,0.753307,0,0,0,0,,,,,
S99CC1387B,Sengkang South CCC Community Development and Welfare Fund,Community,Central,Apr 2016 - Mar 2017,Received,0,"11,006","11,006",S,1,0.748849,0,0,0,0,,,,,
S98CC1310A,PASIR RIS WEST CCC COMMUNITY DEVELOPMENT AND WELFARE FUND,Community,North East,Apr 2016 - Mar 2017,Received,"7,232","17,232","10,000",S,1,0.741137,0,0,0,0,,,,,
S80SS0135C,SERANGOON CCC COMMUNITY DEVELOPMENT AND WELFARE FUND,Community,North East,Apr 2016 - Mar 2017,Received,"3,579","9,579","6,000",S,1,0.700037,0,0,0,0,,,,,
T00CC1416D,ANG MO KIO-HOUGANG CCC COMMUNITY DEVELOPMENT AND WELFARE FUND,Community,Central,Apr 2016 - Mar 2017,Received,0,"5,322","5,322",S,1,0.69039,0,0,0,0,,,,,
S89CC0679A,EUNOS CCC COMMUNITY DEVELOPMENT AND WELFARE FUND,Community,North East,Apr 2016 - Mar 2017,Received,0,"5,090","5,090",S,1,0.686804,0,0,0,0,,,,,
T04SS0110B,Lawn Bowls Association for the Disabled (Singapore),Sports,Non-NSAs,Apr 2016 - Mar 2017,Received,"1,250","5,914","4,664",S,1,0.679773,0,0,0,0,,,,,
T04CC1802K,HOUGANG CCC COMMUNITY DEVELOPMENT AND WELFARE FUND,Community,North East,Apr 2016 - Mar 2017,Received,"3,529","7,710","4,181",S,1,0.670978,0,0,0,0,,,,,
S62SS0041D,Boys' Brigade in Singapore,Education,Uniformed Groups,Oct 2015 - Aug 2016,Received,851,"4,240","3,389",S,1,0.654083,0,0,0,0,,,,,
S91CC0827F,BUONA VISTA CCC COMMUNITY DEVELOPMENT AND WELFARE FUND,Community,Central,Apr 2016 - Mar 2017,Received,"1,754","4,754","3,000",S,1,0.644275,0,0,0,0,,,,,
T04CC1763A,ZHENGHUA CCC COMMUNITY DEVELOPMENT AND WELFARE FUND,Community,North West,Apr 2016 - Mar 2017,Received,290,"1,971","1,681",S,1,0.597688,0,0,0,0,,,,,
T14CC0002F,The Stephen A. Schwarzman Scholars Trust,Education,Foreign Educational Institutions/Funds,Jan 2016 - Dec 2016,Received,"1,964","3,345","1,381",S,1,0.58188,0,0,0,0,,,,,
T03CC1651H,KEAT HONG CCC COMMUNITY DEVELOPMENT AND WELFARE FUND,Community,South West,Apr 2016 - Mar 2017,Received,"10,850","10,850",0,S,1,0,0,0,0,0,,,,,
S93CC0953E,"CHILDCARE AND CHILDREN FUND,THE",Social and Welfare,Children/Youth,Apr 2016 - Mar 2017,Received,"241,088","241,088",0,S,1,0,0,0,0,0,,,,,
T12CC0006B,SSP Financial Assistance Fund,Sports,Non-NSAs,Apr 2016 - Mar 2017,Received,0,0,0,S,1,0,0,0,0,0,,,,,
,,,,,,,,,,,,,,,,,,,,
,,,,,,,,,,,,,,,,,,,,
,,,,,,,,,,,,,,,,,,,,
,,,,,,,,,,,,,,,,,,,,
,,,,,,,,,,,,,,,,,,,,
,,,,,,,,,,,,,,,,,,,,
,,,,,,,,,,,,,,,,,,,,
,,,,,,,,,,,,,,,,,,,,
,,,,,,,,,,,,,,,,,,,,
,,,,,,,,,,,,,,,,,,,,
,,,,,,,,,,,,,,,,,,,,
,,,,,,,,,,,,,,,,,,,,
,,,,,,,,,,,,,,,,,,,,
,,,,,,,,,,,,,,,,,,,,
,,,,,,,,,,,,,,,,,,,,
,,,,,,,,,,,,,,,,,,,,
,,,,,,,,,,,,,,,,,,,,
,,,,,,,,,,,,,,,,,,,,
,,,,,,,,,,,,,,,,,,,,
,,,,,,,,,,,,,,,,,,,,
,,,,,,,,,,,,,,,,,,,,
,,,,,,,,,,,,,,,,,,,,
,,,,,,,,,,,,,,,,,,,,
,,,,,,,,,,,,,,,,,,,,
,,,,,,,,,,,,,,,,,,,,
,,,,,,,,,,,,,,,,,,,,
,,,,,,,,,,,,,,,,,,,,
,,,,,,,,,,,,0,,,,,,,,